{"cameraMode":{"drawMode":0,"name":"Shaded","section":"Shading Mode"},"sceneLighting":false,"audioPlay":false,"sceneViewState":{"m_AlwaysRefresh":false,"showFog":true,"showSkybox":true,"showFlares":true,"showImageEffects":true,"showParticleSystems":true,"showVisualEffectGraphs":true,"m_FxEnabled":true},"in2DMode":false,"pivot":{"x":-2.2170000076293947,"y":0.2549999952316284,"z":-2.1500000953674318},"rotation":{"x":0.7616323828697205,"y":-0.004887355957180262,"z":0.005695638712495565,"w":0.6480304598808289},"size":4.0880279541015629,"orthographic":false}